Admin,1,false,true,2022-07-22 22:02:07/2022-08-05 21:09:00/2022-08-05 11:28:00/2022-08-05 13:52:51/2022-08-05 18:08:31/2022-07-22 22:05:51/2022-08-05 21:37:39/2022-07-23 23:27:28/2022-08-04 17:58:19/2022-08-05 13:59:43/2022-08-06 18:34:38/2022-08-05 13:36:46/2022-07-22 22:17:12/2022-08-05 22:07:43/2022-08-05 11:41:33/2022-08-05 13:36:27/2022-08-05 18:11:46/2022-07-23 22:24:25/2022-07-21 22:10:15/2022-07-23 09:12:02/2022-08-05 22:51:43/2022-07-22 22:02:58/2022-08-04 17:59:53/2022-08-05 22:51:49/2022-08-05 18:08:41/2022-08-05 20:50:03/2022-07-23 22:25:47/2022-07-23 23:48:17/
Dxniel,1,false,false,2022-07-21 22:32:13/2022-08-05 21:07:11/2022-08-05 22:08:04/2022-07-21 22:35:36/2022-07-22 22:02:02/2022-07-21 22:25:14/2022-07-22 15:55:56/2022-07-21 23:29:23/2022-07-21 22:20:47/2022-08-05 13:36:58/2022-08-05 13:36:35/2022-08-04 18:04:41/2022-08-05 13:34:59/2022-08-05 21:04:23/2022-07-21 22:10:57/
anarcyst,2,false,false,2022-07-22 16:00:23/2022-07-21 23:27:36/2022-07-23 23:48:37/
Benedek,3,false,false,2022-07-21 23:27:54/
kvte,4,false,false,2022-07-21 23:28:13/
Nicholas,5,false,false,2022-07-21 23:28:26/
Wing,1,false,false,2022-07-22 22:06:25/2022-07-21 23:28:33/2022-08-04 17:58:38/
Admin2,Admin2,false,true,2022-07-23 22:25:52/2022-07-23 22:25:02/2022-07-23 22:26:23/2022-08-05 11:28:18/
new,new,false,false,2022-08-05 18:33:44/
bobby,s,false,false,2022-08-05 22:08:19/
Admin3,1,false,true,2022-08-06 18:35:21/2022-08-06 18:35:28/
